accession,bacteria,genome_size
CP003350,Frateuria aurantia DSM 6220,3603458
CP001678,Hirschia baltica ATCC 49814,3455622
CP006914,candidate division WWE3 bacterium RAAC2_WWE3_1,878109
CP003096,Thermovirga lienii DSM 17291,1967774
CP000655,Polynucleobacter asymbioticus QLW-P1DMWA-1,2159490
FP929048,Megamonas hypermegale ART12/1,2209938
CP000481,Acidothermus cellulolyticus 11B,2443540
CP002453,Cellulophaga algicola DSM 14237,4888353
CP007201,Sulfurospirillum multivorans DSM 12446,3175729
AP012200,Melissococcus plutonius ATCC 35311,1891014
CP001785,Ammonifex degensii KC4,2129237
CP007128,Gemmatirosa kalamazoonesis,5311527
CP000747,Phenylobacterium zucineum HLK1,3996255
CP002280,Rothia dentocariosa ATCC 17931,2506025
CP001013,Leptothrix cholodnii SP-6,4909403
HE983995,Cardinium endosymbiont cEper1 of Encarsia pergandiella,887130
CP000252,Syntrophus aciditrophicus SB,3179300
LN614830,Tatlockia micdadei,3310028
CP006955,Bibersteinia trehalosi USDA-ARS-USMARC-189,2454127
CP000478,Syntrophobacter fumaroxidans MPOB,4990251
CP001843,Treponema primitia ZAS-2,4059867
CP002629,Desulfobacca acetoxidans DSM 11109,3282536
CP001681,Pedobacter heparinus DSM 2366,5167383
AP012304,Azoarcus sp. KH32C,5081166
CP003346,Echinicola vietnamensis DSM 17526,5608040
CP002042,Meiothermus silvanus DSM 9946,3249394
CP003203,Arthrobacter sp. Rue61a,4736495
CP003653,Stanieria cyanosphaera PCC 7437,5041209
CR767821,Ehrlichia ruminantium str. Welgevonden,1516355
CP002691,Haliscomenobacter hydrossis DSM 1100,8371686
CP001814,Streptosporangium roseum DSM 43021,10341314
CP006778,Mesoplasma florum W37,825824
AP012492,Helicobacter cinaedi CCUG 18818 = ATCC BAA-847,2240130
CP011052,Halomonas sp. KO116,4649248
AE015928,Bacteroides thetaiotaomicron VPI-5482,6260361
CP002039,Herbaspirillum seropedicae SmR1,5513887
CP000141,Carboxydothermus hydrogenoformans Z-2901,2401520
CP000792,Campylobacter concisus 13826,2052007
AP010968,Kitasatospora setae KM-6054,8783278
AP008230,Desulfitobacterium hafniense Y51,5727534
CP000116,Thiobacillus denitrificans ATCC 25259,2909809
CP004856,Enterococcus casseliflavus EC20,3427276
CP001707,Kangiella koreensis DSM 16069,2852073
CP001992,Mobiluncus curtisii ATCC 43063,2146480
CP002347,Calditerrivibrio nitroreducens DSM 19672,2157835
FQ312005,Halobacteriovorax marinus SJ,3435933
CP010803,Martelella endophytica,4817335
CP000383,Cytophaga hutchinsonii ATCC 33406,4433218
CP007446,Snodgrassella alvi wkB2,2527978
CP000679,Caldicellulosiruptor saccharolyticus DSM 8903,2970275
CP002701,Buchnera aphidicola str. G002 (Myzus persicae),643517
CP001087,Desulfobacterium autotrophicum HRM2,5589073
CP000157,Erythrobacter litoralis HTCC2594,3052398
CP003281,Belliella baltica DSM 15883,4196595
CP001896,Allochromatium vinosum DSM 180,3526903
CP006650,Paracoccus aminophilus JCM 7686,3613807
CP003147,Pseudovibrio sp. FO-BEG1,5475670
CP005990,Spiribacter sp. UAH-SP71,1926631
AL935263,Lactobacillus plantarum WCFS1,3308273
CP003130,Granulicella mallensis MP5ACTX8,6237577
CP003075,Pelagibacterium halotolerans B2,3944837
AP009552,Microcystis aeruginosa NIES-843,5842795
CP009301,Dokdonia sp. MED134,3302548
AM260525,Bartonella tribocorum CIP 105476,2619061
CP001674,Methylovorus glucosetrophus SIP3-4,2995511
CP009706,Hafnia alvei FB1,4712721
HF951689,Chthonomonas calidirosea T49,3437861
CP003171,Oceanimonas sp. GK1,3514537
CP008802,Actinotignum schaalii,2159306
CP011265,Verrucomicrobia bacterium IMCC26134,4001000
CP000927,Caulobacter sp. K31,5477872
CP001818,Thermanaerovibrio acidaminovorans DSM 6589,1848474
CP000264,Jannaschia sp. CCS1,4317977
CP009415,Mollicutes bacterium HR1,1878735
CP001619,Dyadobacter fermentans DSM 18053,6967790
CP001834,Lactococcus lactis subsp. lactis KF147,2598144
CP007519,Trueperella pyogenes,2338390
CP002432,Desulfurispirillum indicum S5,2928377
CP002961,Emticicia oligotrophica DSM 17448,4798158
CP003389,Corallococcus coralloides DSM 2259,10080619
CP009291,Novosphingobium pentaromativorans US6-1,3979506
CP000360,Candidatus Koribacter versatilis Ellin345,5650368
CP010049,Blochmannia endosymbiont of Camponotus (Colobopsis) obliquus,773940
CP002131,Thermosediminibacter oceani DSM 16646,2280035
CP001875,Pantoea ananatis LMG 20103,4703373
AP009179,Sulfurovum sp. NBC37-1,2562277
AP009178,Nitratiruptor sp. SB155-2,1877931
CP000859,Desulfococcus oleovorans Hxd3,3944167
CP001032,Opitutus terrae PB90-1,5957605
CP001874,Thermobispora bispora DSM 43833,4189976
CP002976,Phaeobacter inhibens DSM 17395,3821831
AP012333,Parascardovia denticolens DSM 10105 = JCM 12538,1890857
CP002999,Muricauda ruestringensis DSM 13258,3842422
CP001966,Tsukamurella paurometabola DSM 20162,4379918
CP003058,Acidaminococcus intestini RyC-MR95,2487765
CP001823,Sphaerobacter thermophilus DSM 20745,2741033
CP002825,Lacinutrix sp. 5H-3-7-4,3296168
CP006866,Exiguobacterium sp. MH3,3164195
CP000232,Moorella thermoacetica ATCC 39073,2628784
CP000377,Ruegeria sp. TM1040,3200938
CP001618,Beutenbergia cavernae DSM 12333,4669183
CP002171,Thermoanaerobacterium thermosaccharolyticum DSM 571,2785752
CP002521,Acidovorax avenae subsp. avenae ATCC 19860,5482170
CP005964,Idiomarina loihiensis GSL 199,2839759
HE804045,Saccharothrix espanaensis DSM 44229,9360653
CP001726,Eggerthella lenta DSM 2243,3632260
FR872580,Parachlamydia acanthamoebae UV-7,3072383
CP000422,Pediococcus pentosaceus ATCC 25745,1832387
CP001819,Sanguibacter keddieii DSM 10542,4253413
CP008803,Desulfonatronum thiodismutans,3923922
CP006958,Achromobacter xylosoxidans NBRC 15126 = ATCC 27061,6683584
CP002018,Ketogulonicigenium vulgare WSH-001,2766400
CP001634,Kosmotoga olearia TBF 19.5.1,2302126
CP000875,Herpetosiphon aurantiacus DSM 785,6346587
FP929045,Faecalibacterium prausnitzii L2-6,3321367
CP000930,Heliobacterium modesticaldum Ice1,3075407
FM178379,Aliivibrio salmonicida LFI1238,3325165
CP006734,Leifsonia xyli subsp. cynodontis DSM 46306,2686418
AP009380,Porphyromonas gingivalis ATCC 33277,2354886
AP012554,Candidatus Pantoea carbekii,1151074
AE017282,Methylococcus capsulatus str. Bath,3304561
CP000910,Renibacterium salmoninarum ATCC 33209,3155250
CP006597,Listeria monocytogenes,3094342
CP003280,Aequorivita sublithincola DSM 14238,3520671
CP007447,Staphylococcus aureus,3052055
CP007152,Marinobacter salarius,4616532
CP000414,Leuconostoc mesenteroides subsp. mesenteroides ATCC 8293,2038396
CP006939,Salinispira pacifica,3782798
BA000026,Mycoplasma penetrans HF-2,1358633
FP929032,Alistipes shahii WAL 8301,3763317
CP007451,Draconibacterium orientale,5132075
CP003557,Melioribacter roseus P3M-2,3300414
CP001643,Brachybacterium faecium DSM 4810,3614992
CP001706,Jonesia denitrificans DSM 20603,2749646
AP012057,Ilumatobacter coccineus YM16-304,4830181
AP007255,Magnetospirillum magneticum AMB-1,4967148
CP002038,Dickeya dadantii 3937,4922802
AP006628,Onion yellows phytoplasma OY-M,853092
CP001614,Teredinibacter turnerae T7901,5193164
HG530068,Pseudomonas aeruginosa PA38182,7586152
CP011301,Burkholderia cepacia,6419376
CP000510,Psychromonas ingrahamii 37,4559598
CP000140,Parabacteroides distasonis ATCC 8503,4811379
CP002690,Thermodesulfobium narugense DSM 14796,1898865
CP008788,Klebsiella oxytoca KONIH1,6152190
AP011529,Deferribacter desulfuricans SSM1,2234389
CP002106,Olsenella uli DSM 7084,2051896
CP000750,Kineococcus radiotolerans SRS30216 = ATCC BAA-149,4761183
LN614827,Legionella fallonii LLAP-10,4181563
AP012978,endosymbiont of unidentified scaly snail isolate Monju,2597759
CP002628,Coriobacterium glomerans PW2,2115681
CP000245,Ramlibacter tataouinensis TTB310,4070193
CP003255,Thermobacillus composti KWC4,4206343
CP002444,Thermovibrio ammonificans HB-1,1682965
CP000316,Polaromonas sp. JS666,5200264
CP001854,Conexibacter woesei DSM 14684,6359369
CP002281,Ilyobacter polytropus DSM 2926,2046464
AP010953,Escherichia coli O26:H11 str. 11368,5697240
CP000879,Petrotoga mobilis SJ95,2169548
AP013105,Adlercreutzia equolifaciens DSM 19450,2862526
CP002452,Nitratifractor salsuginis DSM 16511,2101285
CP002901,Sulfobacillus acidophilus TPY,3551206
CP001100,Chloroherpeton thalassium ATCC 35110,3293456
AP010904,Desulfovibrio magneticus RS-1,5248049
FO538765,Magnetospira sp. QH-2,4021307
CP007030,Thioalkalimicrobium aerophilum AL3,2158359
CP001737,Nakamurella multipartita DSM 44233,6060298
AP009153,Gemmatimonas aurantiaca T-27,4636964
HE999757,Carnobacterium maltaromaticum LMA28,3650416
CP006949,Dehalococcoides mccartyi CG1,1486678
AP014624,Chryseobacterium sp. StRB126,5503743
CP001275,Thermomicrobium roseum DSM 5159,2003006
CP004348,beta proteobacterium CB,2045720
CP002273,Eubacterium limosum KIST612,4316707
CP002623,Roseobacter litoralis Och 149,4505211
BX908798,Candidatus Protochlamydia amoebophila UWE25,2414465
CP003198,Anaerobaculum mobile DSM 13181,2160700
CP008804,Moraxella catarrhalis,1941566
CP002859,Runella slithyformis DSM 19594,6568739
FP929054,Blautia obeum A2-162,3757491
CP002361,Oceanithermus profundus DSM 14977,2303940
CP003989,Thioalkalivibrio nitratireducens DSM 14787,4002350
CP006772,Bacteroidales bacterium CF,2657245
AP012027,Erysipelothrix rhusiopathiae str. Fujisawa,1787941
CP002224,Ketogulonicigenium vulgare Y25,2776084
CP001721,Atopobium parvulum DSM 20469,1543805
CP002048,Syntrophothermus lipocalidus DSM 12680,2405559
CP003659,Anabaena cylindrica PCC 7122,6395836
CP000976,Borrelia duttonii Ly,931674
CP010327,Myroides sp. A21,4155464
CP002930,Bdellovibrio bacteriovorus str. Tiberius,3988594
CP003788,Nocardiopsis alba ATCC BAA-2165,5848211
CP010848,Rathayibacter toxicus,2328288
LK028559,Acholeplasma oculi,1587120
AP008955,Brevibacillus brevis NBRC 100599,6296436
CP001998,Coraliomargarita akajimensis DSM 45221,3750771
CP003360,Desulfomonile tiedjei DSM 6799,6500104
CP002422,Neisseria meningitidis M01-240355,2287777
AP012334,Scardovia inopinata JCM 12537,1797862
CP004372,Roseibacterium elongatum DSM 19469,3555109
AP014521,Candidatus Tachikawaea gelatinosa,708439
CP003264,Taylorella equigenitalis ATCC 35865,1732123
CP000448,Syntrophomonas wolfei subsp. wolfei str. Goettingen G311,2936195
CP002547,Syntrophobotulus glycolicus DSM 8271,3406739
CP001804,Haliangium ochraceum DSM 14365,9446314
CP001279,Nautilia profundicola AmH,1676444
CP001629,Desulfomicrobium baculatum DSM 4028,3942657
CP002455,Weeksella virosa DSM 16922,2272954
CP000038,Shigella sonnei Ss046,4825265
CP010311,Geoalkalibacter subterraneus,3475523
CP001280,Methylocella silvestris BL2,4305430
CP011280,Sneathia amnii,1330224
CP002156,Parvularcula bermudensis HTCC2503,2902643
CP001146,Dictyoglomus thermophilum H-6-12,1959987
HF563609,Tepidanaerobacter acetatoxydans Re1,2761252
FP475956,Thiomonas arsenitoxydans,3738778
FQ859181,Hyphomicrobium sp. MC1,4757528
CP003985,Desulfocapsa sulfexigens DSM 10523,3986761
AM743169,Stenotrophomonas maltophilia K279a,4851126
CP002382,Micavibrio aeruginosavorus ARL-13,2481983
CP006569,Sodalis praecaptivus,4709528
CP007051,Desulfurella acetivorans A63,1816487
CP001185,Thermosipho africanus TCF52B,2016657
AP012050,Amphibacillus xylanus NBRC 15112,2569486
CP009761,Parvimonas micra,1627009
CP006617,Anaplasma phagocytophilum str. JM,1481598
CP003415,Pectobacterium sp. SCC3193,5164411
CP000393,Trichodesmium erythraeum IMS101,7750108
CP003946,Leptolyngbya sp. PCC 7376,5125950
AP014583,Winogradskyella sp. PG-2,3811479
FM162591,Photorhabdus asymbiotica,5064808
CP000686,Roseiflexus sp. RS-1,5801598
CP002584,Sphingobacterium sp. 21,6226409
AP012338,Phycisphaera mikurensis NBRC 102666,3803225
AP012292,Selenomonas ruminantium subsp. lactilytica TAM6421,3003680
CP003403,Rahnella aquatilis HX2,4962173
CP003546,secondary endosymbiont of Ctenarytaina eucalypti,1441139
CP007155,Kutzneria albida DSM 43870,9874926
CP002479,Geobacter sp. M18,5277406
FP929062,butyrate-producing bacterium SS3/4,3601020
AP012046,Tetragenococcus halophilus NBRC 12172,2562720
CP000628,Agrobacterium radiobacter K84,4005130
CP005996,Cycloclasticus zancles 78-ME,2613078
CP005094,Azotobacter vinelandii CA,5366370
CP002028,Thermincola potens JR,3157416
AP011112,Hydrogenobacter thermophilus TK-6,1743135
CP001080,Sulfurihydrogenibium sp. YO3AOP1,1838442
CP010557,Raoultella ornithinolytica,5522044
HF571988,Yersinia enterocolitica (type O:5) str. YE53/03,4940199
CP001429,Blattabacterium sp. (Periplaneta americana) str. BPLAN,636994
CP003947,Cyanobacterium aponinum PCC 10605,4114099
CP000238,Baumannia cicadellinicola str. Hc (Homalodisca coagulata),686194
CP007142,Gynuella sunshinyii YC6258,6475959
CP001096,Rhodopseudomonas palustris TIE-1,5744041
CP002593,Pseudonocardia dioxanivorans CB1190,7096571
CP003382,Deinococcus peraridilitoris DSM 19664,3881839
CP001700,Catenulispora acidiphila DSM 44928,10467782
CP000812,Pseudothermotoga lettingae TMO,2135342
CP002985,Acidithiobacillus ferrivorans SS3,3207552
CP010812,Vibrio cholerae,4077462
CP001184,Ureaplasma urealyticum serovar 10 str. ATCC 33699,874478
FO117623,Blastococcus saxobsidens DD2,4875340
AP012051,Caldisericum exile AZM16c01,1558103
CP006704,Comamonas testosteroni TK102,6062703
CP003156,Owenweeksia hongkongensis DSM 17368,4000057
CP006587,Hymenobacter sp. APR13,4870994
CP000453,Alkalilimnicola ehrlichii MLHE-1,3275944
AP012495,Bacillus subtilis BEST7613,7585470
CP001110,Pelodictyon phaeoclathratiforme BU-1,3018238
CP003984,Planktomarina temperata RCA23,3288122
CP001055,Elusimicrobium minutum Pei191,1643562
CP003592,Pseudanabaena sp. PCC 7367,4557046
CP001686,Kytococcus sedentarius DSM 20547,2785024
CP002045,Arcanobacterium haemolyticum DSM 20595,1986154
CP003879,Psychroflexus torquis ATCC 700755,4321832
CP007139,Fimbriimonas ginsengisoli Gsoil 348,5231762
CP001147,Thermodesulfovibrio yellowstonii DSM 11347,2003803
CP004345,Morganella morganii subsp. morganii KT,3799539
CP000613,Rhodospirillum centenum SW,4355543
CP001281,Thauera sp. MZ1T,4496212
CP003746,Simiduia agarivorans SA1 = DSM 21679,4300227
CP004083,Enterobacteriaceae bacterium bta3-1,4763672
CP002157,Maribacter sp. HTCC2170,3868304
CP010310,Pandoraea pulmonicola,5867621
CP002287,Achromobacter xylosoxidans A8,7013095
CU207366,Gramella forsetii KT0803,3798465
CP002638,Verrucosispora maris AB-18-032,6673976
CP003183,Granulibacter bethesdensis CGDNIH2,2736589
AP012342,Leptospirillum ferrooxidans C2-3,2559538
CP001628,Micrococcus luteus NCTC 2665,2501097
CP002395,Asticcacaulis excentricus CB 48,2588221
CP001940,Desulfurivibrio alkaliphilus AHT 2,3097763
CP000828,Acaryochloris marina MBIC11017,6503724
CP002116,Spirochaeta smaragdinae DSM 11293,4653970
CP002546,Rubinisphaera brasiliensis DSM 5305,6006602
CP003642,Cylindrospermum stagnale PCC 7417,7003560
CP000449,Maricaulis maris MCS10,3368780
AP013066,Sulfuricella denitrificans skB26,3130594
AP009484,Macrococcus caseolyticus JCSC5402,2102324
CP001034,Natranaerobius thermophilus JW/NM-WN-LF,3165557
AM999887,Wolbachia endosymbiont of Culex quinquefasciatus Pel,1482455
FP929038,Coprococcus catus GD/7,3522704
CP002835,Geobacillus thermoglucosidasius C56-YS93,3893306
CP000388,Pseudoalteromonas atlantica T6c,5187005
CP001825,Thermobaculum terrenum ATCC BAA-798,2026947
AP014648,Methyloceanibacter caenitepidi,3424964
CP002209,Ferrimonas balearica DSM 9799,4279159
CP003418,Ignavibacterium album JCM 16511,3658997
CP001560,Shimwellia blattae DSM 4481 = NBRC 105725,4158725
CP001130,Hydrogenobaculum sp. Y04AAS1,1559514
CP001999,Arcobacter nitrofigilis DSM 7299,3192235
CP002198,Cyanothece sp. PCC 7822,6091620
CP003273,Desulfotomaculum gibsoniae DSM 7213,4855529
CP003789,Liberibacter crescens BT-1,1504659
CP002874,Brachyspira intermedia PWS/A,3304788
CP000849,Rickettsia bellii OSU 85-389,1528980
CP001472,Acidobacterium capsulatum ATCC 51196,4127356
CP002049,Truepera radiovictrix DSM 17093,3260398
CP002360,Mahella australiensis 50-1 BON,3135972
CP006773,Leisingera methylohalidivorans DSM 14336,4144900
CP002858,Flexistipes sinusarabici DSM 4947,2526590
CP001798,Nitrosococcus halophilus Nc 4,4079427
CP001632,Capnocytophaga ochracea DSM 7271,2612925
AP014633,Thioploca ingrica,4810005
CP000473,Candidatus Solibacter usitatus Ellin6076,9965640
CP004349,Polaribacter sp. MED152,2961474
CP001848,Pirellula staleyi DSM 6068,6196199
AP009152,Kocuria rhizophila DC2201,2697540
CP003926,Gluconobacter oxydans H24,3602424
CP001736,Kribbella flavida DSM 17836,7579488
CP000961,Shewanella woodyi ATCC 51908,5935403
CP001673,Flavobacteriaceae bacterium 3519-10,2768102
FP565814,Salinibacter ruber M8,3619447
CP007031,Marichromatium purpuratum 984,3779112
CP002663,Pusillimonas sp. T7-7,3883605
CP003422,Paenibacillus mucilaginosus K02,8819200
CP002162,Micromonospora aurantiaca ATCC 27029,7025559
CP002027,synthetic Mycoplasma mycoides JCVI-syn1.0,1078809
AP012224,Pseudogulbenkiania sp. NH8B,4332995
CP001037,Nostoc punctiforme PCC 73102,8234322
CP001349,Methylobacterium nodulans ORS 2060,7772460
AP012273,Thiolapillus brandeum,3129662
CP009450,Pluralibacter gergoviae,5489680
AP012320,Rubrivivax gelatinosus IL144,5043253
CP003732,Thermacetogenium phaeum DSM 12270,2939057
BA000039,Thermosynechococcus elongatus BP-1,2593857
CP001099,Chlorobaculum parvum NCIB 8327,2289249
CP003620,Crinalium epipsammum PCC 9333,5315554
CP001867,Geodermatophilus obscurus DSM 43160,5322497
CP006265,Psychrobacter sp. G,3079438
CP007161,Virgibacillus sp. SK37,3821074
CP001631,Acidimicrobium ferrooxidans DSM 10331,2158157
FP929056,Fretibacterium fastidiosum,2728333
CP002158,Fibrobacter succinogenes subsp. succinogenes S85,3843004
CP002271,Stigmatella aurantiaca DW4/3-1,10260756
CP007566,Aeromonas hydrophila AL09-71,5023861
CP003876,Nocardia brasiliensis ATCC 700358,9436348
CP009217,Rickettsiales bacterium Ac37b,1851238
HE956757,Methylocystis sp. SC2,3773444
CP000061,Aster yellows witches'-broom phytoplasma AYWB,706569
CP003837,Paraglaciecola psychrophila 170,5413691
CP002725,Gardnerella vaginalis HMP9231,1726519
AP012551,Plautia stali symbiont,4035456
AP012044,Oscillibacter valericigenes Sjm18-20,4410036
CP004393,Celeribacter indicus,4529105
CP000153,Sulfurimonas denitrificans DSM 1251,2201561
CP000850,Salinispora arenicola CNS-205,5786361
CP001312,Rhodobacter capsulatus SB 1003,3738958
CP001607,Aggregatibacter aphrophilus NJ8700,2313035
CP002355,Sulfuricurvum kujiense DSM 16994,2574824
CP003051,Thioflavicoccus mobilis 8321,4048921
CP000387,Streptococcus sanguinis SK36,2388435
CP000554,Prochlorococcus marinus str. MIT 9303,2682675
CP000411,Oenococcus oeni PSU-1,1780517
CP001650,Zunongwangia profunda SM-A87,5128187
CP003801,alpha proteobacterium HIMB59,1410127
CP002343,Intrasporangium calvum DSM 43043,4024382
CP003944,Dactylococcopsis salina PCC 8305,3781008
CP002085,Desulfarculus baarsii DSM 2075,3655731
CP000542,Verminephrobacter eiseniae EF01-2,5566749
CP010954,Sphingobium sp. YBL2,4766421
AP012547,Sulfuritalea hydrogenivorans sk43H,3802648
CP003155,Sphaerochaeta pleomorpha str. Grapes,3590853
AP012052,Microbacterium testaceum StLB037,3982034
CP007053,Opitutaceae bacterium TAV5,7317842
FP236843,Erwinia billingiae,5100167
CP002528,Dokdonia sp. 4H-3-7-5,3389993
AP012029,Anaerolinea thermophila UNI-1,3532378
CP003591,Geitlerinema sp. PCC 7407,4681111
CP007028,Thermocrinis ruber,1521037
CP000352,Cupriavidus metallidurans CH34,3928089
CP001810,Butyrivibrio proteoclasticus B316,3554804
CP010978,Pelosinus fermentans JBW45,5380816
CP002046,Croceibacter atlanticus HTCC2559,2952962
CP001685,Leptotrichia buccalis C-1013-b,2465610
AE014184,Tropheryma whipplei str. Twist,927303
CP009962,Collimonas arenae,5603532
CP006681,Spiroplasma culicicola AES-1,1175131
CP002292,Rhodomicrobium vannielii ATCC 17100,4014469
CP011144,Pseudoxanthomonas suwonensis,3891720
CP003600,Chamaesiphon minutus PCC 6605,6284095
CP005384,Haemophilus parasuis ZJ0906,2324740
CP001778,Stackebrandtia nassauensis DSM 44728,6841557
CP003315,Wigglesworthia glossinidia endosymbiont of Glossina morsitans morsitans,719535
CP001851,Brucella melitensis M5-90,2126451
CP003495,Cyanobium gracile PCC 6307,3342364
AP012204,Microlunatus phosphovorus NM-1,5683123
CP002512,Aerococcus urinae ACS-120-V-Col10a,2080974
CP003587,Gloeobacter kilaueensis JS1,4724791
AP009389,Pelotomaculum thermopropionicum SI,3025375
HE717023,Halobacillus halophilus DSM 2266,4150632
CP007481,Neorickettsia helminthoeca str. Oregon,884232
CP002683,Thermodesulfatator indicus DSM 15286,2322224
CP002400,Ethanoligenens harbinense YUAN-3,3008576
CP001739,Sebaldella termitidis ATCC 33386,4418842
AM902716,Bordetella petrii,5287950
CP000083,Colwellia psychrerythraea 34H,5373180
CP002544,Odoribacter splanchnicus DSM 20712,4392288
CP001738,Thermomonospora curvata DSM 43183,5639016
CP001807,Rhodothermus marinus DSM 4252,3261604
CP002006,Prevotella ruminicola 23,3619559
CP001016,Beijerinckia indica subsp. indica ATCC 9039,4170153
CP006696,Xylella fastidiosa subsp. sandyi Ann-1,2750603
CP000884,Delftia acidovorans SPH-1,6767514
AM889285,Gluconacetobacter diazotrophicus PA1 5,3944163
CP000492,Chlorobium phaeobacteroides DSM 266,3133902
CP001779,Streptobacillus moniliformis DSM 12112,1662578
CP002786,Amycolicicoccus subflavus DQS3-9A1,4738809
CP003178,Niastella koreensis GR20-10,9033684
CP001145,Coprothermobacter proteolyticus DSM 5265,1424912
CP002339,Alteromonas sp. SN2,4972148
CP002417,Variovorax paradoxus EPS,6550056
CP002047,Streptomyces bingchenggensis BCW-1,11936683
CP001684,Slackia heliotrinireducens DSM 20476,3165038
CP006842,Corynebacterium glyciniphilum AJ 3170,3509786
AP014685,Bradyrhizobium diazoefficiens,9780023
CP002102,Brevundimonas subvibrioides ATCC 15264,3445263
CP003590,Pleurocapsa sp. PCC 7327,4986817
CP003969,Sorangium cellulosum So0157-2,14782125
FO818637,Xenorhabdus bovienii,4635301
CP003787,Riemerella anatipestifer RA-CH-1,2309519
CP000282,Saccharophagus degradans 2-40,5057531
CP003154,Thiocystis violascens DSM 198,5017071
AM942759,Proteus mirabilis,4063606
CP002084,Dehalogenimonas lykanthroporepellens BL-DC-9,1686510
CP002987,Acetobacterium woodii DSM 1030,4044777
HG322949,Janthinobacterium agaricidamnosum NBRC 102515 = DSM 9628,5949001
CP000685,Flavobacterium johnsoniae UW101,6096872
CP001997,Aminobacterium colombiense DSM 12261,1980592
CP000390,Chelativorans sp. BNC1,4412446
CP002657,Alicycliphilus denitrificans K601,4995263
CP003945,Halothece sp. PCC 7418,4179170
CP003379,Terriglobus roseus DSM 18391,5227858
CP002991,Thermoanaerobacter wiegelii Rt8.B1,2785056
CP003729,Amycolatopsis mediterranei S699,10246920
CP000555,Methylibium petroleiphilum PM1,4044195
CP002568,Polymorphum gilvum SL003B-26A1,4649365
BA000022,Synechocystis sp. PCC 6803,3573470
CP008889,Dermacoccus nishinomiyaensis,3029021
AP012157,Solibacillus silvestris StLB046,3969327
CP000386,Rubrobacter xylanophilus DSM 9941,3225748
FP929061,Anaerostipes hadrus,3114788
AP006840,Symbiobacterium thermophilum IAM 14863,3566135
CP007044,Chania multitudinisentens RB-25,5488183
CP000781,Xanthobacter autotrophicus Py2,5308934
AP009384,Azorhizobium caulinodans ORS 571,5369772
CP006272,Actinoplanes friuliensis DSM 7358,9376071
CP008796,Thermodesulfobacterium commune DSM 2178,1764045
CP001108,Prosthecochloris aestuarii DSM 271,2512923
CP001221,Leptospira interrogans serovar Lai str. IPAV,4349158
CP001364,Chloroflexus sp. Y-400-fl,5268950
CP003359,Halobacteroides halobius DSM 5150,2649255
CP001734,Desulfohalobium retbaense DSM 5692,2864304
CP002548,Strawberry lethal yellows phytoplasma (CPA) str. NZSb11,959779
CP003532,Mesotoga prima MesG1.Ag.4.2,2974229
CP000934,Cellvibrio japonicus Ueda107,4576573
CP000758,Ochrobactrum anthropi ATCC 49188,2887297
CP009129,Planococcus sp. PAMC 21323,3196500
CP000471,Magnetococcus marinus MC-1,4719581
CP000922,Anoxybacillus flavithermus WK1,2846746
CP001630,Actinosynnema mirum DSM 43827,8248144
CP002159,Gallionella capsiferriformans ES-2,3162471
CP001958,Segniliparus rotundus DSM 44985,3157527
FO203355,Enterobacter aerogenes EA1509E,5419609
CP000975,Methylacidiphilum infernorum V4,2287145
CP009257,Acinetobacter baumannii,4335793
CP000830,Dinoroseobacter shibae DFL 12 = DSM 16493,3789584
CP001722,Zymomonas mobilis subsp. mobilis NCIMB 11163,2124771
CP000774,Parvibaculum lavamentivorans DS-1,3914745
CP004388,Thalassospira xiamenensis M-5 = DSM 17429,4576570
CP006566,Serratia plymuthica S13,5467306
CP002876,Nitrosomonas sp. Is79A3,3783444
CP002899,Weissella koreensis KACC 15510,1422478
CP011132,Citrobacter amalonaticus Y19,5584358
CP001098,Halothermothrix orenii H 168,2578146
CP003949,Rhodococcus opacus PD630,8376953
CP003119,Gordonia polyisoprenivorans VH2,5669805
CP003549,Rivularia sp. PCC 7116,8698463
CP001962,Thermus scotoductus SA-01,2346803
CP000109,Thiomicrospira crunogena XCL-2,2427734
AP012337,Caldilinea aerophila DSM 14535 = NBRC 104270,5144873
CP009056,Frischella perrara,2692351
CP002026,Starkeya novella DSM 506,4765023
CP000769,Anaeromyxobacter sp. Fw109-5,5277990
CP002304,Halanaerobium hydrogeniformans,2613117
CP003283,Ornithobacterium rhinotracheale DSM 15997,2399175
CP000155,Hahella chejuensis KCTC 2396,7215267
CP003796,Chlamydia psittaci WC,1172265
CP002353,Isosphaera pallida ATCC 43644,5472964
AM494475,Orientia tsutsugamushi str. Boryong,2127051
CP007444,Dyella jiangningensis,5396991
CP001713,Chlamydophila pneumoniae LPCoLN,1241020
CP002345,Paludibacter propionicigenes WB4,3685504
HG934468,Mucinivorans hirudinis,3149227
CP009159,Actinobacillus suis ATCC 33415,2501598
CP000544,Halorhodospira halophila SL1,2678452
CP003153,Dechlorosoma suillum PS,3806980
CP000285,Chromohalobacter salexigens DSM 3043,3696649
CP003915,Advenella mimigardefordensis DPN7,4740516
CP001928,Waddlia chondrophila WSU 86-1044,2116312
CP006644,Sphingomonas sanxanigenens DSM 19645 = NX02,6205897
CP000513,Dichelobacter nodosus VCS1703A,1389350
AM180252,Lawsonia intracellularis PHE/MN1-00,1457619
AP008971,Finegoldia magna ATCC 29328,1797577
CP003597,Chroococcidiopsis thermalis PCC 7203,6315792
CP009460,Cedecea neteri,5052868
CP002105,Acetohalobium arabaticum DSM 5501,2469596
CP001683,Saccharomonospora viridis DSM 43017,4308349
AP010946,Azospirillum sp. B510,3311395
CP009122,Sphingopyxis fribergensis,4993584
AE000657,Aquifex aeolicus VF5,1551335
CP002017,Kyrpidia tusciae DSM 2912,3384766
CP003313,Pasteurella multocida subsp. multocida str. HN06,2402218
CP001154,Laribacter hongkongensis HLHK9,3169329
CP003493,Propionibacterium acidipropionici ATCC 4875,3656170
CP002902,Alicyclobacillus acidocaldarius subsp. acidocaldarius Tc-4-1,3124048
CP002514,Chloracidobacterium thermophilum B,2683362
AP011615,Arthrospira platensis NIES-39,6788435
CP002390,Filifactor alocis ATCC 35896,1931012
CP002056,Methylotenera versatilis 301,3059871
FO203431,Modestobacter marinus,5575517
CP002955,Cyclobacterium marinum DSM 745,6221273
CP002810,Isoptericola variabilis 225,3307740
AM711867,Clavibacter michiganensis subsp. michiganensis NCPPB 382,3297891
CP002543,Desulfurobacterium thermolithotrophum DSM 11699,1541968
CP000509,Nocardioides sp. JS614,4985871
FO203503,Desulfobacula toluolica Tol2,5197905
CP003260,Fervidobacterium pennivorans DSM 9078,2166381
CP003630,Microcoleus sp. PCC 7113,7470429
CP001820,Veillonella parvula DSM 2008,2132142
AP014821,Geminocystis sp. NIES-3709,4150181
CP001965,Sideroxydans lithotrophicus ES-1,3003656
CP003364,Singulisphaera acidiphila DSM 18658,9629675
CP003558,Synechococcus sp. PCC 6312,3697276
CP003108,Desulfosporosinus orientis DSM 765,5863081
CP002349,Marivirga tractuosa DSM 4126,4511574
CP000724,Alkaliphilus metalliredigens QYMF,4929566
HF680312,Thalassolituus oleivorans MIL-1,3920328
CP009440,Francisella philomiragia,2148038
CP001230,Persephonella marina EX-H1,1930284
AP011121,Acetobacter pasteurianus IFO 3283-01,2907495
CP001322,Desulfatibacillum alkenivorans AK-01,6517073
FP929050,Roseburia intestinalis XB6B4,4286292
CP006664,Edwardsiella anguillarum ET080813,4200387
CP003466,Alcanivorax dieselolei B5,4928223
CP003870,Dehalobacter sp. CF,3092048
HG938353,Neorhizobium galegae,4647962
CP003470,Rhodanobacter denitrificans,4225490
CP000749,Marinomonas sp. MWYL1,5100344
CP000319,Nitrobacter hamburgensis X14,4406967
CP002959,Turneriella parva DSM 21527,4384015
CP000088,Thermobifida fusca YX,3642249
CP001699,Chitinophaga pinensis DSM 2588,9127347
CP007034,Barnesiella viscericola DSM 18177,3076856
CP002666,Cellulomonas fimi ATCC 484,4266344
AP012035,Acidiphilium multivorum AIU301,3749411
CP009495,Mycobacterium smegmatis,6988337
CP007035,Niabella soli DSM 19437,4697343
CP002667,Gallibacterium anatis UMN179,2687335
CP003563,Sinorhizobium fredii USDA 257,6476459
AM236080,Rhizobium leguminosarum bv. viciae 3841,5057142
CP004025,Myxococcus stipitatus DSM 14675,10350586
CP000089,Dechloromonas aromatica RCB,4501104
CP010820,Lysinibacillus fusiformis,4843789
CP009302,Coriobacteriaceae bacterium 68-1-3,1967093
CP000820,Frankia sp. EAN1pec,8982042
CP002630,Marinithermus hydrothermalis DSM 14884,2269167
CP007062,Fusobacterium nucleatum subsp. animalis 7_1,2507720
CP000031,Ruegeria pomeroyi DSS-3,4109437
FP929047,Gordonibacter pamelaeae 7-10-1-b,3608022
CP003488,Providencia stuartii MRSN 2154,4402109
CP004121,Clostridium saccharoperbutylacetonicum N1-4(HMT),6530257
AP009510,uncultured Termite group 1 bacterium phylotype Rs-D17,1125857
CP002364,Desulfobulbus propionicus DSM 2032,3851869
FR872582,Simkania negevensis Z,2496337
BA000012,Mesorhizobium loti MAFF303099,7036071
CP003349,Solitalea canadensis DSM 3403,5202069
CU207211,Herminiimonas arsenicoxydans,3424307
CP009416,Jeotgalibacillus malaysiensis,3516439
CP000267,Rhodoferax ferrireducens T118,4712337
HG315671,Formosa agariphila KMM 3901,4228350
AE016825,Chromobacterium violaceum ATCC 12472,4751080
AP014565,Salmonella enterica subsp. enterica serovar Typhimurium str. L-3553,5051841
CP001071,Akkermansia muciniphila ATCC BAA-835,2664102
CP001708,Anaerococcus prevotii DSM 20548,1883067
CP001821,Xylanimonas cellulosilytica DSM 15894,3742776
CP000733,Coxiella burnetii Dugway 5J108-111,2158758
CP002831,Saprospira grandis str. Lewin,4345237
AP012331,Bifidobacterium scardovii JCM 12489 = DSM 13734,3158347
FO082060,Methylomicrobium alcaliphilum,4668296
BA000028,Oceanobacillus iheyensis HTE831,3630528
CP003236,Tistrella mobilis KA081020-065,3919492
CP000158,Hyphomonas neptunium ATCC 15444,3705021
CP003646,Gloeocapsa sp. PCC 7428,5431448
CP002542,Fluviicola taffensis DSM 16823,4633577
CP011047,Cronobacter sakazakii,4511265
CP001801,Halothiobacillus neapolitanus c2,2582886
AP014800,Rhodovulum sulfidophilum,4454432
FP476056,Zobellia galactanivorans,5521712
CP007202,Siansivirga zeaxanthinifaciens CC-SAMT-1,3303986
CP000482,Pelobacter propionicus DSM 2379,4008000
CP001769,Spirosoma linguale DSM 74,8078757
AM420293,Saccharopolyspora erythraea NRRL 2338,8212805
CP005383,Mannheimia haemolytica M42548,2731870
CP003607,Oscillatoria acuminata PCC 6304,7689443
CP003257,Marinitoga piezophila KA3,2231407
CP003742,Octadecabacter arcticus 238,5200279
CP003191,Tannerella forsythia 92A2,3405521
CP001397,Nonlabens dokdonensis DSW-6,3914632
AM260479,Ralstonia eutropha H16,4052032
CP001682,Cryptobacterium curtum DSM 15641,1617804
CP003345,Flexibacter litoralis DSM 6794,4919337
CR522870,Desulfotalea psychrophila LSv54,3523383
CP002738,Methylomonas methanica MC09,5051681
CP001616,Tolumonas auensis DSM 9187,3471292
CP000284,Methylobacillus flagellatus KT,2971517
CP002606,Hippea maritima DSM 10411,1694430
CP008876,Terribacillus aidingensis,3488643
CP009621,Pontibacter korlensis,5462537
AP014569,Comamonadaceae bacterium B1,2606868
CP002344,Thermaerobacter marianensis DSM 12885,2844696
CP003943,Calothrix sp. PCC 7507,7023215
CP000103,Nitrosospira multiformis ATCC 25196,3184243
CP001712,Robiginitalea biformata HTCC2501,3530383
CP003390,Methylophaga nitratireducenticrescens,3137191
CP007445,Gilliamella apicola,3139412
CP001968,Denitrovibrio acetiphilus DSM 12809,3222077
CP003778,Xanthomonas citri subsp. citri Aw12879,5321499
CP002305,Leadbetterella byssophila DSM 17132,4059653
CP001196,Oligotropha carboxidovorans OM5,3745629