codon,amino_acid,NC_000913
GCT,A,0.273
GCC,A,-0.055
GCA,A,0.373
GCG,A,-0.493
TGT,C,0.386
TGC,C,-0.386
GAT,D,-0.019
GAC,D,0.019
GAA,E,0.406
GAG,E,-0.406
TTT,F,0.511
TTC,F,-0.511
GGT,G,-0.114
GGC,G,-0.172
GGA,G,0.624
GGG,G,-0.1
CAT,H,0.03
CAC,H,-0.03
ATA,I,0.748
ATT,I,0.089
ATC,I,-0.407
AAA,K,-0.153
AAG,K,0.153
TTA,L,0.684
TTG,L,0.057
CTT,L,0.374
CTC,L,0.251
CTA,L,0.255
CTG,L,-0.771
AAT,N,0.27
AAC,N,-0.27
CCT,P,0.548
CCC,P,0.622
CCA,P,0.175
CCG,P,-0.832
CAA,Q,0.729
CAG,Q,-0.729
CGT,R,-0.241
CGC,R,-0.267
CGA,R,0.421
CGG,R,-0.087
AGA,R,1.078
AGG,R,0.516
TCT,S,0.171
TCC,S,0.003
TCA,S,0.399
TCG,S,-0.351
AGT,S,0.159
AGC,S,-0.299
ACT,T,0.279
ACC,T,-0.524
ACA,T,0.818
ACG,T,-0.219
GTT,V,0.395
GTC,V,0.081
GTA,V,0.393
GTG,V,-0.756
TAT,Y,0.116
TAC,Y,-0.116
